-- phpMyAdmin SQL Dump
-- version 5.2.1
-- https://www.phpmyadmin.net/
--
-- Host: 127.0.0.1
-- Generation Time: Apr 27, 2026 at 11:38 AM
-- Server version: 10.4.32-MariaDB
-- PHP Version: 8.2.12

SET SQL_MODE = "NO_AUTO_VALUE_ON_ZERO";
START TRANSACTION;
SET time_zone = "+00:00";


/*!40101 SET @OLD_CHARACTER_SET_CLIENT=@@CHARACTER_SET_CLIENT */;
/*!40101 SET @OLD_CHARACTER_SET_RESULTS=@@CHARACTER_SET_RESULTS */;
/*!40101 SET @OLD_COLLATION_CONNECTION=@@COLLATION_CONNECTION */;
/*!40101 SET NAMES utf8mb4 */;

--
-- Database: `limbus_db`
--

-- --------------------------------------------------------

--
-- Table structure for table `affinity`
--

CREATE TABLE `affinity` (
  `affinity_name` varchar(50) NOT NULL
) ENGINE=InnoDB DEFAULT CHARSET=utf8mb4 COLLATE=utf8mb4_general_ci;

--
-- Dumping data for table `affinity`
--

INSERT INTO `affinity` (`affinity_name`) VALUES
('Envy'),
('Gloom'),
('Gluttony'),
('Lust'),
('Pride'),
('Sloth'),
('Wrath');

-- --------------------------------------------------------

--
-- Table structure for table `ego`
--

CREATE TABLE `ego` (
  `ego_id` int(11) NOT NULL,
  `ego_name` varchar(255) NOT NULL,
  `sinner_id` int(11) NOT NULL,
  `class` varchar(10) DEFAULT NULL,
  `season_released` varchar(50) DEFAULT NULL,
  `acquisition` varchar(50) DEFAULT NULL
) ENGINE=InnoDB DEFAULT CHARSET=utf8mb4 COLLATE=utf8mb4_general_ci;

--
-- Dumping data for table `ego`
--

INSERT INTO `ego` (`ego_id`, `ego_name`, `sinner_id`, `class`, `season_released`, `acquisition`) VALUES
(1, 'Crow\'s Eye View', 1, 'ZAYIN', 'Season 1', NULL),
(2, 'Bygone Days', 1, 'ZAYIN', 'Season 4', 'Season Pass'),
(3, '4th Match Flame', 1, 'TETH', 'Season 1', 'Season Pass'),
(4, 'Wishing Cairn', 1, 'TETH', 'Standard Fare', 'Extraction'),
(5, 'Dimension Shredder', 1, 'HE', 'Standard Fare', 'Extraction'),
(6, 'Fell Bullet', 1, 'HE', 'Season 5', 'Extraction'),
(7, 'Sunshower', 1, 'WAW', 'Season 2', 'Season Pass'),
(8, 'Great Trichiliocosm', 1, 'WAW', 'Season 7', 'Season Pass'),
(9, 'Representation Emitter', 2, 'ZAYIN', 'Season 1', NULL),
(10, 'Hex Nail', 2, 'TETH', 'Standard Fare', 'Extraction'),
(11, '9:02', 2, 'TETH', 'Season 3', 'Season Pass'),
(12, 'Lasso', 2, 'TETH', 'Season 5', 'Season Pass'),
(13, 'Fluid Sac', 2, 'HE', 'Season 1', 'Season Pass'),
(14, 'Telepole', 2, 'HE', 'Standard Fare', 'Extraction'),
(15, 'Thoracalgia', 2, 'HE', 'Season 5', 'Extraction'),
(16, 'Command : Meltdown', 2, 'HE', 'Collab Limited', 'Collab Extraction'),
(17, 'Ardor Blossom Star', 2, 'HE', 'Season 7', 'Extraction'),
(18, 'Everlasting', 2, 'WAW', 'Season 4', 'Extraction'),
(19, 'La Sangre de Sancho', 3, 'ZAYIN', 'Season 1', NULL),
(20, 'Lifetime Stew', 3, 'TETH', 'Season 1', 'Event Reward'),
(21, 'Wishing Cairn', 3, 'TETH', 'Standard Fare', 'Extraction'),
(22, 'Electric Screaming', 3, 'TETH', 'Season 4', 'Season Pass'),
(23, 'Fluid Sac', 3, 'HE', 'Season 1', 'Season Pass'),
(24, 'Telepole', 3, 'HE', 'Standard Fare', 'Extraction'),
(25, 'Red Sheet', 3, 'HE', 'Season 6', 'Season Pass'),
(26, 'Yearning-Mircalla', 3, 'WAW', 'Season 5', 'Season Pass'),
(27, 'In the Name of Love and Hate', 3, 'WAW', 'Walpurgisnacht 6', 'Walpurgis Extraction'),
(28, 'Forest for the Flames', 4, 'ZAYIN', 'Season 1', NULL),
(29, 'Soda', 4, 'ZAYIN', 'Season 2', 'Event Reward'),
(30, 'Red Eyes', 4, 'TETH', 'Standard Fare', 'Extraction'),
(31, 'Blind Obsession', 4, 'TETH', 'Season 3', 'Season Pass'),
(32, '4th Match Flame', 4, 'HE', 'Season 1', 'Season Pass'),
(33, 'Red Eyes (Open)', 4, 'HE', 'Standard Fare', 'Extraction'),
(34, 'Thoracalgia', 4, 'HE', 'Season 5', 'Event Extraction'),
(35, 'Contempt Awe', 4, 'WAW', 'Season 4', 'Extraction'),
(36, 'Great Trichiliocosm', 4, 'WAW', 'Season 7', 'Season Pass'),
(37, 'Chains of Others', 5, 'ZAYIN', 'Season 1', NULL),
(38, 'Screwloose Wallop', 5, 'TETH', 'Season 1 ', 'Season Pass'),
(39, 'Regret', 5, 'TETH', 'Walpurgisnacht 1', 'Walpurgis Extraction'),
(40, 'Electric Screaming', 5, 'TETH', 'Season 4', 'Season Pass'),
(41, 'Pursuance', 5, 'HE', 'Standard Fare', 'Extraction'),
(42, 'Capote', 5, 'HE', 'Season 2', 'Season Pass'),
(43, 'Yearning-Mircalla', 5, 'WAW', 'Season 5', 'Season Pass'),
(44, 'Crushbound Past', 5, 'WAW', 'Season 6', 'Extraction'),
(45, 'Land of Illusion', 6, 'ZAYIN', 'Season 1', NULL),
(46, 'Roseate Desire', 6, 'TETH', 'Season 1', 'Season Pass'),
(47, 'Soda', 6, 'TETH', 'Season 2', 'Event Extraction'),
(48, 'Cavernous Wailing', 6, 'TETH', 'Standard Fare', 'Extraction'),
(49, 'Lasso', 6, 'TETH', 'Season 5', 'Season Pass'),
(50, 'Dimension Shredder', 6, 'HE', 'Standard Fare', 'Extraction'),
(51, 'Effervescent Corrosion', 6, 'HE', 'Season 3', 'Season Pass'),
(52, 'To Remain Oneself', 6, 'HE', 'Collab Limited', 'Collab Extraction'),
(53, 'Tears of the Tarnished Blood', 6, 'WAW', 'Season 6', 'Season Pass'),
(54, 'Bodysack', 7, 'ZAYIN', 'Season 1', NULL),
(55, 'Holiday', 7, 'ZAYIN', 'Season 3', 'Event Reward'),
(56, 'AEDD', 7, 'TETH', 'Season 2', 'Season Pass'),
(57, 'Fell Bullet', 7, 'TETH', 'Standard Fare', 'Extraction'),
(58, 'Move-in Reg.', 7, 'TETH', 'Season 7', 'Season Pass'),
(59, 'Telepole', 7, 'HE', 'Season 1', 'Season Pass'),
(60, 'Ya Sunyata Tad Rupam', 7, 'HE', 'Standard Fare', 'Extraction'),
(61, 'Asymmetrical Inertia', 7, 'HE', 'Standard Fare', 'Extraction'),
(62, 'Binds', 7, 'WAW', 'Season 4', 'Season Pass'),
(63, 'Snagharpoon', 8, 'ZAYIN', 'Season 1', NULL),
(64, 'Hundred-Footed Death Maggot', 8, 'ZAYIN', 'Season 6', 'Season Pass'),
(65, 'Roseate Desire', 8, 'TETH', 'Season 1', 'Season Pass'),
(66, 'Capote', 8, 'TETH', 'Season 2', 'Season Pass'),
(67, 'Bygone Days', 8, 'TETH', 'Standard Fare', 'Extraction'),
(68, 'Ardor Blossom Star', 8, 'HE', 'Standard Fare', 'Extraction'),
(69, 'Wingbeat', 8, 'HE', 'Walpurgisnacht 3', 'Walpurgis Extraction'),
(70, 'Christmas Nightmare', 8, 'HE', 'Season 5', 'Event Extraction'),
(71, 'Tidal Elegy', 8, 'HE', 'Collab Limited', 'Collab Extraction'),
(72, 'Blind Obsession', 8, 'WAW', 'Season 3', 'Season Pass'),
(73, 'What is Cast', 9, 'ZAYIN', 'Season 1', NULL),
(74, 'Rime Shank', 9, 'TETH', 'Season 1', 'Season Pass'),
(75, 'Effervescent Corrosion', 9, 'TETH', 'Season 3', 'Season Pass'),
(76, '4th Match Flame', 9, 'HE', 'Season 1', 'Season Pass'),
(77, 'Pursuance', 9, 'HE', 'Standard Fare', 'Extraction'),
(78, 'Hex Nail', 9, 'HE', 'Season 5', 'Season Pass'),
(79, 'Sanguine Desire', 9, 'WAW', 'Walpurgisnacht 3', 'Walpurgis Extraction'),
(80, 'Indicant\'s Trial', 9, 'WAW', 'Season 5', 'Extraction'),
(81, 'Branch of Knowledge', 11, 'ZAYIN', 'Season 1', NULL),
(82, 'Cavernous Wailing', 11, 'ZAYIN', 'Standard Fare', 'Extraction'),
(83, 'Impending Day', 11, 'TETH', 'Season 1', 'Season Pass'),
(84, 'Lifetime Stew', 11, 'TETH', 'Season 1', 'Event Extraction'),
(85, 'Hex Nail', 11, 'TETH', 'Season 5', 'Season Pass'),
(86, 'Lantern', 11, 'HE', 'Standard Fare', 'Extraction'),
(87, '9:02', 11, 'HE', 'Season 3', 'Season Pass'),
(88, 'Harmony', 11, 'HE', 'Walpurgisnacht 8', 'Walpurgis Extraction'),
(89, 'Tears of the Tarnished Blood', 11, 'WAW', 'Season 6', 'Season Pass'),
(90, 'To Pathos Mathos', 12, 'ZAYIN', 'Season 1', NULL),
(91, 'I\'ll Go fer Scissors. How \'Bout You?', 12, 'ZAYIN', 'Season 7', 'Season Pass'),
(92, 'Ya Sunyata Tad Rupam', 12, 'TETH', 'Standard Fare', 'Extraction'),
(93, 'Sunshower', 12, 'TETH', 'Season 2', 'Season Pass'),
(94, 'Ebony Stem', 12, 'HE', 'Season 1', 'Season Pass'),
(95, 'Holiday', 12, 'HE', 'Season 3', 'Event Extraction'),
(96, 'Dimension Shredder', 12, 'HE', 'Season 4', 'Extraction'),
(97, 'Magic Bullet', 12, 'HE', 'Walpurgisnacht 5', 'Walpurgis Extraction'),
(98, 'Binds', 12, 'WAW', 'Season 4', 'Season Pass'),
(99, 'Suddenly One Day', 13, 'ZAYIN', 'Season 1', NULL),
(100, 'Legerdemain', 13, 'ZAYIN', 'Season 1', 'Season Pass'),
(101, 'Lantern', 13, 'TETH', 'Standard Fare', 'Extraction'),
(102, 'Bygone Days', 13, 'TETH', 'Season 4', 'Season Pass'),
(103, 'AEDD', 13, 'HE', 'Season 2', 'Season Pass'),
(104, 'Solemn Lament', 13, 'HE', 'Walpurgisnacht 4', 'Walpurgis Extraction'),
(105, 'Christmas Nightmare', 13, 'HE', 'Season 5', 'Event Extraction'),
(106, 'Garden of Thorns', 13, 'WAW', 'Season 3', 'Extraction'),
(107, 'Unbrilliant Glory', 13, 'WAW', 'Collab Limited', 'Collab Extraction'),
(108, 'That new one', 9, NULL, NULL, NULL);

-- --------------------------------------------------------

--
-- Table structure for table `egoaffinity`
--

CREATE TABLE `egoaffinity` (
  `ego_id` int(11) NOT NULL,
  `affinity_name` varchar(50) NOT NULL
) ENGINE=InnoDB DEFAULT CHARSET=utf8mb4 COLLATE=utf8mb4_general_ci;

--
-- Dumping data for table `egoaffinity`
--

INSERT INTO `egoaffinity` (`ego_id`, `affinity_name`) VALUES
(1, 'Sloth'),
(2, 'Gloom'),
(3, 'Wrath'),
(4, 'Sloth'),
(5, 'Pride'),
(6, 'Pride'),
(7, 'Sloth'),
(8, 'Wrath'),
(9, 'Pride'),
(10, 'Envy'),
(11, 'Lust'),
(12, 'Gluttony'),
(13, 'Gloom'),
(14, 'Envy'),
(15, 'Pride'),
(16, 'Gluttony'),
(17, 'Wrath'),
(18, 'Sloth'),
(19, 'Lust'),
(20, 'Lust'),
(21, 'Sloth'),
(22, 'Envy'),
(23, 'Gloom'),
(24, 'Envy'),
(25, 'Gluttony'),
(26, 'Lust'),
(27, 'Envy'),
(28, 'Lust'),
(29, 'Gloom'),
(30, 'Lust'),
(31, 'Pride'),
(32, 'Wrath'),
(33, 'Envy'),
(34, 'Pride'),
(35, 'Lust'),
(36, 'Wrath'),
(37, 'Pride'),
(38, 'Envy'),
(39, 'Wrath'),
(40, 'Envy'),
(41, 'Sloth'),
(42, 'Wrath'),
(43, 'Lust'),
(44, 'Sloth'),
(45, 'Gloom'),
(46, 'Lust'),
(47, 'Envy'),
(48, 'Sloth'),
(49, 'Gluttony'),
(50, 'Pride'),
(51, 'Gluttony'),
(52, 'Pride'),
(53, 'Gluttony'),
(54, 'Envy'),
(55, 'Gluttony'),
(56, 'Gloom'),
(57, 'Pride'),
(58, 'Envy'),
(59, 'Envy'),
(60, 'Lust'),
(61, 'Sloth'),
(62, 'Gloom'),
(63, 'Gloom'),
(64, 'Gloom'),
(65, 'Lust'),
(66, 'Wrath'),
(67, 'Gloom'),
(68, 'Wrath'),
(69, 'Gluttony'),
(70, 'Sloth'),
(71, 'Gloom'),
(72, 'Pride'),
(73, 'Pride'),
(74, 'Gloom'),
(75, 'Gluttony'),
(76, 'Wrath'),
(77, 'Sloth'),
(78, 'Envy'),
(79, 'Lust'),
(80, 'Wrath'),
(81, 'Gluttony'),
(82, 'Gloom'),
(83, 'Wrath'),
(84, 'Lust'),
(85, 'Envy'),
(86, 'Gluttony'),
(87, 'Lust'),
(88, 'Wrath'),
(89, 'Gluttony'),
(90, 'Pride'),
(91, 'Envy'),
(92, 'Lust'),
(93, 'Gluttony'),
(94, 'Gluttony'),
(95, 'Wrath'),
(96, 'Envy'),
(97, 'Pride'),
(98, 'Pride'),
(99, 'Sloth'),
(100, 'Gluttony'),
(101, 'Gluttony'),
(102, 'Gloom'),
(103, 'Gloom'),
(104, 'Gloom'),
(105, 'Sloth'),
(106, 'Lust'),
(107, 'Sloth');

-- --------------------------------------------------------

--
-- Table structure for table `egostatuseffect`
--

CREATE TABLE `egostatuseffect` (
  `ego_id` int(11) NOT NULL,
  `keyword_name` varchar(50) NOT NULL
) ENGINE=InnoDB DEFAULT CHARSET=utf8mb4 COLLATE=utf8mb4_general_ci;

--
-- Dumping data for table `egostatuseffect`
--

INSERT INTO `egostatuseffect` (`ego_id`, `keyword_name`) VALUES
(2, 'Sinking'),
(3, 'Burn'),
(5, 'Charge'),
(5, 'Rupture'),
(6, 'Bleed'),
(6, 'Poise'),
(8, 'Burn'),
(8, 'Poise'),
(8, 'Sinking'),
(11, 'Burn'),
(12, 'Rupture'),
(14, 'Charge'),
(15, 'Poise'),
(16, 'Burn'),
(16, 'Rupture'),
(17, 'Burn'),
(18, 'Tremor'),
(19, 'Bleed'),
(20, 'Burn'),
(21, 'Bleed'),
(21, 'Tremor'),
(22, 'Charge'),
(23, 'Sinking'),
(23, 'Tremor'),
(24, 'Charge'),
(24, 'Rupture'),
(25, 'Rupture'),
(26, 'Bleed'),
(27, 'Charge'),
(27, 'Rupture'),
(27, 'Sinking'),
(28, 'Burn'),
(29, 'Sinking'),
(31, 'Poise'),
(31, 'Sinking'),
(32, 'Burn'),
(34, 'Poise'),
(35, 'Bleed'),
(36, 'Bleed'),
(36, 'Burn'),
(36, 'Poise'),
(39, 'Tremor'),
(40, 'Charge'),
(42, 'Burn'),
(42, 'Tremor'),
(43, 'Bleed'),
(44, 'Tremor'),
(45, 'Sinking'),
(47, 'Tremor'),
(48, 'Tremor'),
(49, 'Bleed'),
(49, 'Rupture'),
(50, 'Charge'),
(51, 'Rupture'),
(52, 'Poise'),
(52, 'Sinking'),
(53, 'Rupture'),
(55, 'Bleed'),
(55, 'Burn'),
(55, 'Charge'),
(55, 'Poise'),
(55, 'Rupture'),
(55, 'Sinking'),
(55, 'Tremor'),
(56, 'Charge'),
(57, 'Bleed'),
(57, 'Poise'),
(57, 'Sinking'),
(58, 'Burn'),
(58, 'Charge'),
(59, 'Charge'),
(61, 'Tremor'),
(62, 'Sinking'),
(62, 'Tremor'),
(63, 'Tremor'),
(64, 'Rupture'),
(64, 'Sinking'),
(66, 'Burn'),
(66, 'Tremor'),
(67, 'Sinking'),
(68, 'Burn'),
(69, 'Bleed'),
(70, 'Sinking'),
(70, 'Tremor'),
(71, 'Sinking'),
(71, 'Tremor'),
(72, 'Charge'),
(72, 'Poise'),
(73, 'Bleed'),
(74, 'Sinking'),
(75, 'Tremor'),
(76, 'Burn'),
(78, 'Bleed'),
(79, 'Bleed'),
(80, 'Burn'),
(81, 'Rupture'),
(82, 'Sinking'),
(83, 'Bleed'),
(84, 'Burn'),
(85, 'Bleed'),
(86, 'Rupture'),
(87, 'Burn'),
(88, 'Bleed'),
(88, 'Burn'),
(89, 'Rupture'),
(90, 'Rupture'),
(93, 'Poise'),
(93, 'Rupture'),
(93, 'Sinking'),
(94, 'Bleed'),
(94, 'Rupture'),
(96, 'Charge'),
(97, 'Burn'),
(98, 'Tremor'),
(99, 'Bleed'),
(99, 'Burn'),
(99, 'Rupture'),
(99, 'Sinking'),
(99, 'Tremor'),
(100, 'Bleed'),
(100, 'Tremor'),
(101, 'Rupture'),
(102, 'Sinking'),
(103, 'Charge'),
(104, 'Sinking'),
(105, 'Sinking'),
(105, 'Tremor'),
(107, 'Burn'),
(107, 'Tremor');

-- --------------------------------------------------------

--
-- Table structure for table `identity`
--

CREATE TABLE `identity` (
  `identity_id` int(11) NOT NULL,
  `identity_name` varchar(255) NOT NULL,
  `sinner_id` int(11) NOT NULL,
  `rarity` varchar(10) DEFAULT NULL,
  `season_released` varchar(50) DEFAULT NULL,
  `acquisition` varchar(50) DEFAULT NULL
) ENGINE=InnoDB DEFAULT CHARSET=utf8mb4 COLLATE=utf8mb4_general_ci;

--
-- Dumping data for table `identity`
--

INSERT INTO `identity` (`identity_id`, `identity_name`, `sinner_id`, `rarity`, `season_released`, `acquisition`) VALUES
(1, 'LCB Sinner Yi Sang', 1, '0', 'Standard Fare', 'Extraction'),
(2, 'Seven Assoc. South Section 6 Yi Sang', 1, '00', 'Standard Fare', 'Extraction'),
(3, 'Molar Office Fixer Yi Sang', 1, '00', 'Season 2', 'Event Reward'),
(4, 'The Pequod First Mate Yi Sang', 1, '00', 'Season 3', 'Extraction'),
(5, 'Dieci Assoc. South Section 4 Yi Sang', 1, '00', 'Standard Fare', 'Extraction'),
(6, 'LCE E.G.O::Lantern Yi Sang', 1, '00', 'Season 5', 'Event Reward'),
(7, 'Blade Lineage Salsu Yi Sang', 1, '000', 'Standard Fare', 'Extraction'),
(8, 'Effloresced E.G.O::Spicebush Yi Sang', 1, '000', 'Season 2', 'Extraction'),
(9, 'W Corp. L3 Cleanup Agent Yi Sang', 1, '000', 'Standard Fare', 'Extraction'),
(10, 'The Ring Pointillist Student Yi Sang', 1, '000', 'Standard Fare', 'Extraction'),
(11, 'Lobotomy E.G.O::Solemn Lament Yi Sang', 1, '000', 'Walpurgisnacht 4', 'Walpurgis Extraction'),
(12, 'Liu Assoc. South Section 3 Yi Sang', 1, '000', 'Standard Fare', 'Extraction'),
(13, 'N Corp. E.G.O::Fell Bullet Yi Sang', 1, '000', 'Season 6', 'Extraction'),
(14, 'Heishou Pack - Wu Branch Adept Yi Sang', 1, '000', 'Season 6', 'Event Extraction'),
(15, 'The House of Spiders: The Index Nursefather Yi Sang', 1, '000', 'Season 7', 'Extraction'),
(16, 'LCB Sinner Faust', 2, '0', 'Standard Fare', 'Extraction'),
(17, 'W Corp. L2 Cleanup Agent Faust', 2, '00', 'Standard Fare', 'Extraction'),
(18, 'Lobotomy Corp. Remnant Faust', 2, '00', 'Season 1', 'Extraction'),
(19, 'Zwei Assoc. South Section 4 Faust', 2, '00', 'Standard Fare', 'Extraction'),
(20, 'Wuthering Heights Butler Faust', 2, '00', 'Season 4', 'Extraction'),
(21, 'The One Who Grips Faust', 2, '000', 'Season 1', 'Extraction'),
(22, 'Seven Assoc. South Section 4 Faust', 2, '000', 'Standard Fare', 'Extraction'),
(23, 'Lobtomy E.G.O::Regret Faust', 2, '000', 'Walpurgisnacht 1', 'Walpurgis Extraction'),
(24, 'Blade Lineage Salsu Faust', 2, '000', 'Season 3', 'Event Extraction'),
(25, 'MultiCrack Office Rep Faust', 2, '000', 'Season 4', 'Event Extraction'),
(26, 'LCE E.G.O::Ardor Blossom Star Faust', 2, '000', 'Season 5', 'Event Extraction'),
(27, 'Heishou Pack - Mao Branch Adept Faust', 2, '000', 'Season 6', 'Extraction'),
(28, 'Shi Assoc. East Section 3 Faust', 2, '000', 'Standard Fare', 'Extraction'),
(29, 'The Index Proselyte: [Paper Slip] Faust', 2, '000', 'Season 7', 'Extraction'),
(30, 'The House of Spiders: The Ring Apprentice Faust', 2, '000', 'Season 7', 'Extraction'),
(31, 'LCB Sinner Don Quixote', 3, '0', 'Standard Fare', 'Extraction'),
(32, 'Shi Assoc. South Section 5 Director Don Quixote', 3, '00', 'Standard Fare', 'Extraction'),
(33, 'N Corp. Mittelhammer Don Quixote', 3, '00', 'Season 1', 'Extraction'),
(34, 'Lobotomy E.G.O::Lantern Don Quixote', 3, '00', 'Walpurgisnacht 2', 'Walpurgis Extraction'),
(35, 'Blade Lineage Salsu Don Quixote', 3, '00', 'Season 3', 'Event Reward'),
(36, 'W Corp. L3 Cleanup Agent Don Quixote', 3, '000', 'Standard Fare', 'Extraction'),
(37, 'Cinq Assoc. South Section 5 Director Don Quixote', 3, '000', 'Standard Fare', 'Extraction'),
(38, 'The Middle Little Sister Don Quixote', 3, '000', 'Season 3', 'Extraction'),
(39, 'T Corp. Class 3 Collection Staff Don Quixote', 3, '000', 'Standard Fare', 'Extraction'),
(40, 'The Manager of La Manchaland Don Quixote', 3, '000', 'Season 5', 'Extraction'),
(41, 'Cinq Assoc. East Section 3 Don Quixote', 3, '000', 'Standard Fare', 'Extraction'),
(42, 'Lobotomy E.G.O::In the Name of Love and Hate Don Quixote', 3, '000', 'Walpurgisnacht 6', 'Walpurgis Extraction'),
(43, 'Heishou Pack - Wei Branch Don Quixote', 3, '000', 'Season 6', 'Extraction'),
(44, 'The Index Proxy - Effloresced E.G.O::Procuration Don Quixote', 3, '000', 'Season 7', 'Extraction'),
(45, 'LCB Sinner Ryoshu', 4, '0', 'Standard Fare', 'Extraction'),
(46, 'Seven Assoc. South Section 6 Ryoshu', 4, '00', 'Standard Fare', 'Extraction'),
(47, 'LCCB Assistant Manager Ryoshu', 4, '00', 'Season 3', 'Extraction'),
(48, 'Liu Assoc. South Section 4 Ryoshu', 4, '00', 'Standard Fare', 'Extraction'),
(49, 'District 20 Yurodivy Ryoshu', 4, '00', 'Season 4', 'Event Reward'),
(50, 'Kurokumo Clan Wakashu Ryoshu', 4, '000', 'Standard Fare', 'Extraction'),
(51, 'R.B Chef de Cuisine Ryoshu', 4, '000', 'Season 1', 'Event Extraction'),
(52, 'W Corp. L3 Cleanup Agent Ryoshu', 4, '000', 'Standard Fare', 'Extraction'),
(53, 'Edgar Family Chief Butler Ryoshu', 4, '000', 'Season 4', 'Extraction'),
(54, 'Lobotomy E.G.O::Red Eyes & Penitence Ryoshu', 4, '000', 'Walpurgisnacht 4', 'Walpurgis Extraction'),
(55, 'Heishou Pack - Mao Branch Ryoshu', 4, '000', 'Season 5', 'Event Extraction'),
(56, 'N Corp. E.G.O::Contempt Awe Ryoshu', 4, '000', 'Season 6', 'Extraction'),
(57, 'Drifting Blade of Hongyuan Ryoshu', 4, '000', 'Season 6', 'Extraction'),
(58, 'Lobotomy E.G.O::Faint Aroma & Solitude Ryoshu', 4, '000', 'Walpurgisnacht 8', 'Walpurgis Extraction'),
(59, 'LCB Sinner Meursault', 5, '0', 'Standard Fare', 'Extraction'),
(60, 'Liu Assoc. South Section 6 Meursault', 5, '00', 'Standard Fare', 'Extraction'),
(61, 'Rosespanner Workshop Fixer Meursault', 5, '00', 'Season 2', 'Extraction'),
(62, 'The Middle Little Brother Meursault', 5, '00', 'Season 3', 'Extraction'),
(63, 'Dead Rabbits Boss Meursault', 5, '00', 'Season 4', 'Extraction'),
(64, 'W Corp. L2 Cleanup Agent Meursault', 5, '000', 'Standard Fare', 'Extraction'),
(65, 'N Corp. Grobhammer Meursault', 5, '000', 'Season 1', 'Extraction'),
(66, 'R Corp. 4th Pack Rhino Meursault', 5, '000', 'Standard Fare', 'Extraction'),
(67, 'Blade Lineage Mentor Meursault', 5, '000', 'Season 3', 'Event Extraction'),
(68, 'Dieci Assoc. South Section 4 Director Meursault', 5, '000', 'Standard Fare', 'Extraction'),
(69, 'Cinq Assoc. West Section 3 Meursault', 5, '000', 'Season 5', 'Extraction'),
(70, 'The Thumb East Capo IIII Meursault', 5, '000', 'Season 6', 'Extraction'),
(71, 'The Prince of La Manchaland Meursault', 5, '000', 'Season 6', 'Event Extraction'),
(72, 'Lobotomy E.G.O::Hornet [Alteration] Meursault', 5, '000', 'Walpurgisnacht 8', 'Walpurgis Extraction'),
(73, 'The Ring Fauvist Student Meursault', 5, '000', 'Season 7', 'Event Reward'),
(74, 'LCB Sinner Hong Lu', 6, '0', 'Standard Fare', 'Extraction'),
(75, 'Kurokumo Clan Wakashu Hong Lu', 6, '00', 'Standard Fare', 'Extraction'),
(76, 'Liu Assoc. South Section 5 Hong Lu', 6, '00', 'Standard Fare', 'Extraction'),
(77, 'W Corp. L2 Cleanup Agent Hong Lu', 6, '00', 'Standard Fare', 'Extraction'),
(78, 'Hook Office Fixer Hong Lu', 6, '00', 'Walpurgisnacht 1', 'Walpurgis Extraction'),
(79, 'Fanghunt Office Fixer Hong Lu', 6, '00', 'Season 5', 'Extraction'),
(80, 'Tingtang Gang Gangleader Hong Lu', 6, '000', 'Season 1', 'Extraction'),
(81, 'K Corp. Class 3 Excision Staff Hong Lu', 6, '000', 'Season 2', 'Extraction'),
(82, 'Dieci Assoc. South Section 4 Hong Lu', 6, '000', 'Standard Fare', 'Extraction'),
(83, 'District 20 Yurodivy Hong Lu', 6, '000', 'Season 4', 'Event Extraction'),
(84, 'Full-Stop Office Rep Hong Lu', 6, '000', 'Walpurgisnacht 5', 'Walpurgis Extraction'),
(85, 'R Corp. 4th Pack Reindeer Hong Lu', 6, '000', 'Standard Fare', 'Extraction'),
(86, 'The Lord of Hongyuan Hong Lu', 6, '000', 'Season 6', 'Extraction'),
(87, 'The House of Spiders: The Ring Nursefather Hong Lu', 6, '000', 'Season 7', 'Extraction'),
(88, 'LCB Sinner Heathcliff', 7, '0', 'Standard Fare', 'Extraction'),
(89, 'Shi Assoc. South Section 5 Heathcliff', 7, '00', 'Standard Fare', 'Extraction'),
(90, 'N Corp. Kleinhammer Heathcliff', 7, '00', 'Season 1', 'Extraction'),
(91, 'Seven Assoc. South Section 4 Heathcliff', 7, '00', 'Standard Fare', 'Extraction'),
(92, 'MultiCrack Office Fixer Heathcliff', 7, '00', 'Season 4', 'Event Reward'),
(93, 'R Corp. 4th Pack Rabbit Heathcliff', 7, '000', 'Standard Fare', 'Extraction'),
(94, 'Lobotomy E.G.O::Sunshower Heathcliff', 7, '000', 'Season 2', 'Extraction'),
(95, 'The Pequod Harpooner Heathcliff', 7, '000', 'Season 3', 'Extraction'),
(96, 'Oufi Assoc. South Section 3 Heathcliff', 7, '000', 'Standard Fare', 'Extraction'),
(97, 'Wild Hunt Heathcliff', 7, '000', 'Season 4', 'Extraction'),
(98, 'Full-Stop Office Fixer Heathcliff', 7, '000', 'Walpurgisnacht 5', 'Walpurgis Extraction'),
(99, 'Kurokumo Clan Wakashu Heathcliff', 7, '000', 'Season 5', 'Event Reward'),
(100, 'W Corp. L4 Cleanup Agent - CCA Heathcliff', 7, '000', 'Season 6', 'Event Extraction'),
(101, 'Heishou Pack - You Branch Adept Heathcliff', 7, '000', 'Season 6', 'Extraction'),
(102, 'LCB Sinner Ishmael', 8, '0', 'Standard Fare', 'Extraction'),
(103, 'Shi Assoc. South Section 5 Ishmael', 8, '00', 'Standard Fare', 'Extraction'),
(104, 'LCCB Assistant Manager Ishmael', 8, '00', 'Season 1', 'Extraction'),
(105, 'Lobotomy E.G.O::Sloshing Ishmael', 8, '00', 'Season 2', 'Extraction'),
(106, 'Edgar Family Butler Ishmael', 8, '00', 'Season 4', 'Extraction'),
(107, 'R Corp. 4th Pack Reindeer Ishmael', 8, '000', 'Standard Fare', 'Extraction'),
(108, 'Liu Assoc. South Section 4 Ishmael', 8, '000', 'Standard Fare', 'Extraction'),
(109, 'Molar Boatworks Fixer Ishmael', 8, '000', 'Season 2', 'Event Extraction'),
(110, 'The Pequod Captain Ishmael', 8, '000', 'Season 3', 'Extraction'),
(111, 'Zwei Assoc. West Section 3 Ishmael', 8, '000', 'Standard Fare', 'Extraction'),
(112, 'Kurokumo Clan Captain Ishmael', 8, '000', 'Season 5', 'Event Extraction'),
(113, 'Family Hierarch Candidate Ishmael', 8, '000', 'Season 6', 'Extraction'),
(114, 'Jeong\'s Office Rep Ishmael', 8, '000', 'Walpurgisnacht 7', 'Walpurgis Extraction'),
(115, 'The House of Spiders: The Middle Apprentice Ishmael', 8, '000', 'Season 7', 'Extraction'),
(116, ' LCB Sinner Rodion', 9, '0', 'Standard Fare', 'Extraction'),
(117, 'LCCB Assistant Manager Rodion', 9, '00', 'Season 1', 'Extraction'),
(118, 'N Corp. Mittelhammer Rodion', 9, '00', 'Season 1', 'Extraction'),
(119, 'Zwei Assoc. South Section 5 Rodion', 9, '00', 'Standard Fare', 'Extraction'),
(120, 'T Corp. Class 2 Collection Staff Rodion', 9, '00', 'Standard Fare', 'Extraction'),
(121, 'Kurokumo Clan Wakashu Rodion', 9, '000', 'Standard Fare', 'Extraction'),
(122, 'Rosespanner Workshop Rep Rodion', 9, '000', 'Season 2', 'Extraction'),
(123, 'Dieci Assoc. South Section 4 Rodion', 9, '000', 'Standard Fare', 'Extraction'),
(124, 'Liu Assoc. South Section 4 Director Rodion', 9, '000', 'Standard Fare', 'Extraction'),
(125, 'Devyat\' Assoc. North Section 3 Rodion', 9, '000', 'Standard Fare', 'Extraction'),
(126, 'The Princess of La Manchaland Rodion', 9, '000', 'Season 5', 'Extraction'),
(127, 'Heishou Pack - Si Branch Rodion', 9, '000', 'Season 6', 'Extraction'),
(128, 'Lobotomy E.G.O::The Sword Sharpened with Tears Rodion', 9, '000', 'Walpurgisnacht 6', 'Walpurgis Extraction'),
(129, 'R Corp. 4th Pack Reindeer Rodion', 9, '000', 'Standard Fare', 'Extraction'),
(130, 'The Ring Fauvist Docent Rodion', 9, '000', 'Season 7', 'Event Extraction'),
(131, 'LCB Sinner Sinclair', 11, '0', 'Standard Fare', 'Extraction'),
(132, 'Zwei Assoc. South Section 6 Sinclair', 11, '00', 'Standard Fare', 'Extraction'),
(133, 'Los Mariachis Jefe Sinclair', 11, '00', 'Season 1', 'Extraction'),
(134, 'Lobotomy E.G.O::Red Sheet Sinclair', 11, '00', 'Season 2', 'Extraction'),
(135, 'Molar Boatworks Fixer Sinclair', 11, '00', 'Season 2', 'Event Reward'),
(136, 'Zwei Assoc. West Section 3 Sinclair', 11, '00', 'Season 5', 'Extraction'),
(137, 'Blade Lineage Salsu Sinclair', 11, '000', 'Standard Fare', 'Extraction'),
(138, 'The One Who Shall Grip Sinclair', 11, '000', 'Season 1', 'Extraction'),
(139, 'Cinq Assoc. South Section 4 Director Sinclair', 11, '000', 'Standard Fare', 'Extraction'),
(140, 'Dawn Office Fixer Sinclair', 11, '000', 'Walpurgisnacht 3', 'Walpurgis Extraction'),
(141, 'Devyat\' Assoc. North Section 3 Sinclair', 11, '000', 'Standard Fare', 'Extraction'),
(142, 'The Middle Little Brother Sinclair', 11, '000', 'Standard Fare', 'Extraction'),
(143, 'The Thumb East Soldato II Sinclair', 11, '000', 'Season 6', 'Extraction'),
(144, 'Heishou Pack - You Branch Sinclair', 11, '000', 'Season 6', 'Event Reward'),
(145, 'The House of Spiders: The Pinky Apprentice Sinclair', 11, '000', 'Season 7', 'Extraction'),
(146, 'LCB Sinner Outis', 12, '0', 'Standard Fare', 'Extraction'),
(147, 'Blade Lineage Salsu Outis', 12, '00', 'Standard Fare', 'Extraction'),
(148, 'G Corp. Head Manager Outis', 12, '00', 'Season 1', 'Extraction'),
(149, 'Cinq Assoc. South Section 4 Outis', 12, '00', 'Standard Fare', 'Extraction'),
(150, 'The Ring Pointillist Student Outis', 12, '00', 'Standard Fare', 'Extraction'),
(151, 'Seven Assoc. South Section 6 Director Outis', 12, '000', 'Standard Fare', 'Extraction'),
(152, 'Molar Office Fixer Outis', 12, '000', 'Season 2', 'Event Reward'),
(153, 'Lobotomy E.G.O::Magic Bullet Outis', 12, '000', 'Walpurgisnacht 2', 'Walpurgis Extraction'),
(154, 'Wuthering Heights Chief Butler Outis', 12, '000', 'Season 4', 'Extraction'),
(155, 'W Corp. L3 Cleanup Captain Outis', 12, '000', 'Standard Fare', 'Extraction'),
(156, 'The Barber of La Manchaland Outis', 12, '000', 'Season 5', 'Extraction'),
(157, 'Heishou Pack - Mao Branch Outis', 12, '000', 'Season 5', 'Event Reward'),
(158, 'T Corp. Class 3 VDCU Staff Outis', 12, '000', 'Season 6', 'Event Extraction'),
(159, 'LCA Udjat Vanguard Team 3 Leader Outis', 12, '000', 'Season 7', 'Extraction'),
(160, 'LCB Sinner Gregor', 13, '0', 'Standard Fare', 'Extraction'),
(161, 'Liu Assoc. South Section 6 Gregor', 13, '00', 'Standard Fare', 'Extraction'),
(162, 'R.B Sous-chef Gregor', 13, '00', 'Season 1', 'Event Reward'),
(163, 'Rosespanner Workshop Fixer Gregor', 13, '00', 'Season 2', 'Extraction'),
(164, 'Kurokumo Clan Captain Gregor', 13, '00', 'Season 3', 'Event Extraction'),
(165, 'G Corp. Manager Corporal Gregor', 13, '000', 'Season 1', 'Extraction'),
(166, 'Zwei Assoc. South Section 4 Gregor', 13, '000', 'Standard Fare', 'Extraction'),
(167, 'Twinhook Pirates First Mate Gregor', 13, '000', 'Season 3', 'Extraction'),
(168, 'Edgar Family Heir Gregor', 13, '000', 'Season 4', 'Extraction'),
(169, 'The Priest of La Manchaland Gregor', 13, '000', 'Season 5', 'Extraction'),
(170, 'Firefist Office Survivor Gregor', 13, '000', 'Season 5', 'Extraction'),
(171, 'Heishou Pack - Si Branch Gregor', 13, '000', 'Season 6', 'Extraction'),
(172, 'Night Awls Capitano Gregor', 13, '000', 'Walpurgisnacht 7', 'Walpurgis Extraction'),
(173, 'Lobotomy E.G.O::Lamp Gregor', 13, '000', 'Season 7', 'Extraction'),
(174, 'LCE E.G.O::AEDD Gregor', 13, '000', 'Season 7', 'Extraction');

-- --------------------------------------------------------

--
-- Table structure for table `identityaffinity`
--

CREATE TABLE `identityaffinity` (
  `identity_id` int(11) NOT NULL,
  `affinity_name` varchar(50) NOT NULL
) ENGINE=InnoDB DEFAULT CHARSET=utf8mb4 COLLATE=utf8mb4_general_ci;

--
-- Dumping data for table `identityaffinity`
--

INSERT INTO `identityaffinity` (`identity_id`, `affinity_name`) VALUES
(1, 'Envy'),
(1, 'Gloom'),
(1, 'Sloth'),
(2, 'Gloom'),
(2, 'Gluttony'),
(2, 'Sloth'),
(3, 'Lust'),
(3, 'Sloth'),
(3, 'Wrath'),
(4, 'Envy'),
(4, 'Gluttony'),
(4, 'Pride'),
(5, 'Gluttony'),
(5, 'Lust'),
(5, 'Sloth'),
(6, 'Envy'),
(6, 'Gluttony'),
(6, 'Sloth'),
(7, 'Envy'),
(7, 'Pride'),
(7, 'Wrath'),
(8, 'Gluttony'),
(8, 'Pride'),
(8, 'Sloth'),
(9, 'Gloom'),
(9, 'Gluttony'),
(9, 'Sloth'),
(10, 'Gloom'),
(10, 'Lust'),
(10, 'Sloth'),
(11, 'Gloom'),
(11, 'Pride'),
(11, 'Sloth'),
(12, 'Envy'),
(12, 'Sloth'),
(12, 'Wrath'),
(13, 'Lust'),
(13, 'Pride'),
(13, 'Wrath'),
(14, 'Envy'),
(14, 'Gluttony'),
(14, 'Sloth'),
(15, 'Gloom'),
(15, 'Gluttony'),
(15, 'Pride'),
(15, 'Wrath'),
(16, 'Gluttony'),
(16, 'Pride'),
(16, 'Sloth'),
(17, 'Envy'),
(17, 'Gloom'),
(17, 'Wrath'),
(18, 'Envy'),
(18, 'Gloom'),
(18, 'Lust'),
(19, 'Envy'),
(19, 'Gloom'),
(19, 'Lust'),
(20, 'Gloom'),
(20, 'Lust'),
(20, 'Wrath'),
(21, 'Envy'),
(21, 'Lust'),
(21, 'Pride'),
(22, 'Envy'),
(22, 'Gloom'),
(22, 'Gluttony'),
(22, 'Lust'),
(23, 'Gloom'),
(23, 'Pride'),
(23, 'Sloth'),
(23, 'Wrath'),
(24, 'Gloom'),
(24, 'Pride'),
(24, 'Sloth'),
(25, 'Envy'),
(25, 'Gloom'),
(25, 'Lust'),
(26, 'Pride'),
(26, 'Sloth'),
(26, 'Wrath'),
(27, 'Gluttony'),
(27, 'Pride'),
(27, 'Sloth'),
(28, 'Lust'),
(28, 'Pride'),
(28, 'Wrath'),
(29, 'Gloom'),
(29, 'Pride'),
(29, 'Sloth'),
(30, 'Envy'),
(30, 'Gluttony'),
(30, 'Lust'),
(31, 'Envy'),
(31, 'Gluttony'),
(31, 'Lust'),
(32, 'Envy'),
(32, 'Lust'),
(32, 'Wrath'),
(33, 'Gluttony'),
(33, 'Lust'),
(33, 'Wrath'),
(34, 'Gloom'),
(34, 'Gluttony'),
(34, 'Lust'),
(35, 'Envy'),
(35, 'Pride'),
(35, 'Sloth'),
(36, 'Envy'),
(36, 'Gloom'),
(36, 'Sloth'),
(37, 'Gloom'),
(37, 'Lust'),
(37, 'Pride'),
(38, 'Envy'),
(38, 'Pride'),
(38, 'Wrath'),
(39, 'Gluttony'),
(39, 'Pride'),
(39, 'Sloth'),
(40, 'Lust'),
(40, 'Sloth'),
(40, 'Wrath'),
(41, 'Gluttony'),
(41, 'Pride'),
(41, 'Wrath'),
(42, 'Envy'),
(42, 'Wrath'),
(43, 'Gloom'),
(43, 'Gluttony'),
(43, 'Lust'),
(44, 'Gloom'),
(44, 'Lust'),
(44, 'Pride'),
(45, 'Gluttony'),
(45, 'Lust'),
(45, 'Pride'),
(46, 'Gluttony'),
(46, 'Pride'),
(46, 'Sloth'),
(47, 'Gluttony'),
(47, 'Lust'),
(47, 'Pride'),
(48, 'Gluttony'),
(48, 'Lust'),
(48, 'Wrath'),
(49, 'Gluttony'),
(49, 'Lust'),
(49, 'Sloth'),
(50, 'Gluttony'),
(50, 'Lust'),
(50, 'Pride'),
(51, 'Envy'),
(51, 'Lust'),
(51, 'Wrath'),
(52, 'Envy'),
(52, 'Lust'),
(52, 'Pride'),
(53, 'Lust'),
(53, 'Pride'),
(53, 'Wrath'),
(54, 'Envy'),
(54, 'Gloom'),
(54, 'Lust'),
(55, 'Gluttony'),
(55, 'Lust'),
(55, 'Pride'),
(56, 'Envy'),
(56, 'Lust'),
(56, 'Pride'),
(56, 'Sloth'),
(56, 'Wrath'),
(57, 'Gloom'),
(57, 'Gluttony'),
(57, 'Pride'),
(58, 'Envy'),
(58, 'Gloom'),
(58, 'Sloth'),
(59, 'Gloom'),
(59, 'Pride'),
(59, 'Sloth'),
(60, 'Lust'),
(60, 'Sloth'),
(60, 'Wrath'),
(61, 'Gloom'),
(61, 'Pride'),
(61, 'Sloth'),
(62, 'Envy'),
(62, 'Sloth'),
(62, 'Wrath'),
(63, 'Gluttony'),
(63, 'Lust'),
(63, 'Wrath'),
(64, 'Envy'),
(64, 'Gloom'),
(64, 'Pride'),
(65, 'Pride'),
(65, 'Sloth'),
(65, 'Wrath'),
(66, 'Envy'),
(66, 'Gloom'),
(66, 'Lust'),
(67, 'Envy'),
(67, 'Pride'),
(67, 'Wrath'),
(68, 'Gloom'),
(68, 'Gluttony'),
(68, 'Sloth'),
(69, 'Gloom'),
(69, 'Gluttony'),
(69, 'Pride'),
(70, 'Lust'),
(70, 'Sloth'),
(70, 'Wrath'),
(71, 'Envy'),
(71, 'Lust'),
(71, 'Pride'),
(72, 'Lust'),
(72, 'Wrath'),
(73, 'Lust'),
(73, 'Pride'),
(73, 'Wrath'),
(74, 'Lust'),
(74, 'Pride'),
(74, 'Sloth'),
(75, 'Lust'),
(75, 'Pride'),
(75, 'Sloth'),
(76, 'Gloom'),
(76, 'Lust'),
(76, 'Wrath'),
(77, 'Gluttony'),
(77, 'Pride'),
(77, 'Wrath'),
(78, 'Lust'),
(78, 'Pride'),
(78, 'Wrath'),
(79, 'Gluttony'),
(79, 'Pride'),
(79, 'Wrath'),
(80, 'Envy'),
(80, 'Gluttony'),
(80, 'Lust'),
(81, 'Gluttony'),
(81, 'Pride'),
(81, 'Sloth'),
(82, 'Gloom'),
(82, 'Sloth'),
(82, 'Wrath'),
(83, 'Gloom'),
(83, 'Gluttony'),
(83, 'Sloth'),
(84, 'Gloom'),
(84, 'Pride'),
(84, 'Sloth'),
(85, 'Envy'),
(85, 'Gluttony'),
(85, 'Wrath'),
(86, 'Gloom'),
(86, 'Gluttony'),
(86, 'Pride'),
(87, 'Envy'),
(87, 'Lust'),
(87, 'Pride'),
(88, 'Envy'),
(88, 'Lust'),
(88, 'Wrath'),
(89, 'Envy'),
(89, 'Lust'),
(89, 'Wrath'),
(90, 'Envy'),
(90, 'Gloom'),
(90, 'Lust'),
(91, 'Envy'),
(91, 'Gluttony'),
(91, 'Wrath'),
(92, 'Envy'),
(92, 'Gloom'),
(92, 'Wrath'),
(93, 'Envy'),
(93, 'Gluttony'),
(93, 'Wrath'),
(94, 'Envy'),
(94, 'Gloom'),
(94, 'Sloth'),
(94, 'Wrath'),
(95, 'Envy'),
(95, 'Pride'),
(95, 'Wrath'),
(96, 'Envy'),
(96, 'Gloom'),
(96, 'Pride'),
(97, 'Envy'),
(97, 'Gloom'),
(97, 'Lust'),
(97, 'Wrath'),
(98, 'Envy'),
(98, 'Gloom'),
(98, 'Pride'),
(99, 'Lust'),
(99, 'Pride'),
(99, 'Wrath'),
(100, 'Envy'),
(100, 'Gloom'),
(100, 'Gluttony'),
(101, 'Envy'),
(101, 'Gluttony'),
(101, 'Wrath'),
(102, 'Gloom'),
(102, 'Gluttony'),
(102, 'Wrath'),
(103, 'Envy'),
(103, 'Lust'),
(103, 'Wrath'),
(104, 'Gloom'),
(104, 'Gluttony'),
(104, 'Pride'),
(105, 'Gloom'),
(105, 'Gluttony'),
(105, 'Wrath'),
(106, 'Gloom'),
(106, 'Gluttony'),
(106, 'Sloth'),
(107, 'Envy'),
(107, 'Gloom'),
(107, 'Wrath'),
(108, 'Envy'),
(108, 'Lust'),
(108, 'Wrath'),
(109, 'Gloom'),
(109, 'Pride'),
(109, 'Sloth'),
(110, 'Envy'),
(110, 'Pride'),
(110, 'Wrath'),
(111, 'Envy'),
(111, 'Gluttony'),
(111, 'Pride'),
(112, 'Envy'),
(112, 'Lust'),
(112, 'Pride'),
(113, 'Envy'),
(113, 'Gloom'),
(113, 'Gluttony'),
(114, 'Envy'),
(114, 'Gloom'),
(114, 'Pride'),
(114, 'Sloth'),
(114, 'Wrath'),
(115, 'Envy'),
(115, 'Lust'),
(115, 'Wrath'),
(116, 'Gluttony'),
(116, 'Pride'),
(116, 'Wrath'),
(117, 'Envy'),
(117, 'Gluttony'),
(117, 'Pride'),
(118, 'Lust'),
(118, 'Pride'),
(118, 'Wrath'),
(119, 'Gloom'),
(119, 'Sloth'),
(119, 'Wrath'),
(120, 'Envy'),
(120, 'Sloth'),
(120, 'Wrath'),
(121, 'Gloom'),
(121, 'Lust'),
(121, 'Pride'),
(122, 'Envy'),
(122, 'Gloom'),
(122, 'Pride'),
(122, 'Sloth'),
(123, 'Envy'),
(123, 'Gloom'),
(123, 'Sloth'),
(124, 'Lust'),
(124, 'Pride'),
(124, 'Wrath'),
(125, 'Gluttony'),
(125, 'Lust'),
(125, 'Wrath'),
(126, 'Envy'),
(126, 'Lust'),
(126, 'Pride'),
(127, 'Envy'),
(127, 'Gloom'),
(127, 'Gluttony'),
(128, 'Envy'),
(128, 'Gloom'),
(128, 'Pride'),
(129, 'Envy'),
(129, 'Gloom'),
(129, 'Wrath'),
(130, 'Envy'),
(130, 'Gloom'),
(130, 'Lust'),
(131, 'Envy'),
(131, 'Pride'),
(131, 'Wrath'),
(132, 'Gloom'),
(132, 'Sloth'),
(132, 'Wrath'),
(133, 'Envy'),
(133, 'Gloom'),
(133, 'Sloth'),
(134, 'Gluttony'),
(134, 'Lust'),
(134, 'Pride'),
(135, 'Envy'),
(135, 'Gloom'),
(135, 'Gluttony'),
(136, 'Gloom'),
(136, 'Lust'),
(136, 'Sloth'),
(137, 'Gluttony'),
(137, 'Pride'),
(137, 'Wrath'),
(138, 'Gloom'),
(138, 'Lust'),
(138, 'Pride'),
(138, 'Wrath'),
(139, 'Gluttony'),
(139, 'Lust'),
(139, 'Pride'),
(140, 'Envy'),
(140, 'Gloom'),
(140, 'Lust'),
(140, 'Wrath'),
(141, 'Gluttony'),
(141, 'Lust'),
(141, 'Wrath'),
(142, 'Envy'),
(142, 'Gluttony'),
(143, 'Lust'),
(143, 'Pride'),
(143, 'Sloth'),
(143, 'Wrath'),
(144, 'Gluttony'),
(144, 'Lust'),
(144, 'Wrath'),
(145, 'Gluttony'),
(145, 'Pride'),
(145, 'Wrath'),
(146, 'Gloom'),
(146, 'Pride'),
(146, 'Sloth'),
(147, 'Lust'),
(147, 'Pride'),
(147, 'Wrath'),
(148, 'Gloom'),
(148, 'Gluttony'),
(148, 'Sloth'),
(149, 'Gloom'),
(149, 'Lust'),
(149, 'Pride'),
(150, 'Gluttony'),
(150, 'Lust'),
(150, 'Wrath'),
(151, 'Gluttony'),
(151, 'Lust'),
(151, 'Sloth'),
(152, 'Lust'),
(152, 'Sloth'),
(152, 'Wrath'),
(153, 'Pride'),
(153, 'Wrath'),
(154, 'Gloom'),
(154, 'Lust'),
(154, 'Pride'),
(155, 'Envy'),
(155, 'Gloom'),
(155, 'Pride'),
(156, 'Gluttony'),
(156, 'Lust'),
(156, 'Wrath'),
(157, 'Gloom'),
(157, 'Gluttony'),
(157, 'Sloth'),
(158, 'Lust'),
(158, 'Pride'),
(158, 'Sloth'),
(159, 'Gloom'),
(159, 'Pride'),
(159, 'Sloth'),
(160, 'Gloom'),
(160, 'Gluttony'),
(160, 'Sloth'),
(161, 'Lust'),
(161, 'Sloth'),
(161, 'Wrath'),
(162, 'Envy'),
(162, 'Gluttony'),
(162, 'Lust'),
(163, 'Envy'),
(163, 'Gloom'),
(163, 'Gluttony'),
(164, 'Gloom'),
(164, 'Lust'),
(164, 'Sloth'),
(165, 'Gluttony'),
(165, 'Lust'),
(165, 'Sloth'),
(166, 'Gloom'),
(166, 'Gluttony'),
(166, 'Sloth'),
(167, 'Gloom'),
(167, 'Pride'),
(167, 'Sloth'),
(168, 'Envy'),
(168, 'Gloom'),
(168, 'Lust'),
(169, 'Gluttony'),
(169, 'Lust'),
(169, 'Pride'),
(170, 'Gloom'),
(170, 'Lust'),
(170, 'Wrath'),
(171, 'Envy'),
(171, 'Gluttony'),
(171, 'Pride'),
(172, 'Lust'),
(172, 'Pride'),
(172, 'Sloth'),
(173, 'Gloom'),
(173, 'Pride'),
(173, 'Wrath'),
(174, 'Envy'),
(174, 'Gloom'),
(174, 'Gluttony');

-- --------------------------------------------------------

--
-- Table structure for table `identitystatuseffect`
--

CREATE TABLE `identitystatuseffect` (
  `identity_id` int(11) NOT NULL,
  `keyword_name` varchar(50) NOT NULL
) ENGINE=InnoDB DEFAULT CHARSET=utf8mb4 COLLATE=utf8mb4_general_ci;

--
-- Dumping data for table `identitystatuseffect`
--

INSERT INTO `identitystatuseffect` (`identity_id`, `keyword_name`) VALUES
(1, 'Sinking'),
(2, 'Rupture'),
(3, 'Tremor'),
(4, 'Bleed'),
(4, 'Poise'),
(5, 'Sinking'),
(6, 'Rupture'),
(7, 'Poise'),
(8, 'Sinking'),
(8, 'Tremor'),
(9, 'Charge'),
(9, 'Rupture'),
(10, 'Bleed'),
(10, 'Burn'),
(10, 'Rupture'),
(10, 'Sinking'),
(10, 'Tremor'),
(11, 'Sinking'),
(12, 'Burn'),
(13, 'Bleed'),
(13, 'Poise'),
(14, 'Rupture'),
(14, 'Tremor'),
(15, 'Poise'),
(15, 'Sinking'),
(17, 'Charge'),
(18, 'Poise'),
(18, 'Rupture'),
(20, 'Sinking'),
(21, 'Bleed'),
(22, 'Rupture'),
(23, 'Tremor'),
(24, 'Poise'),
(25, 'Charge'),
(26, 'Burn'),
(27, 'Poise'),
(27, 'Rupture'),
(28, 'Bleed'),
(28, 'Poise'),
(29, 'Poise'),
(29, 'Sinking'),
(30, 'Bleed'),
(31, 'Bleed'),
(32, 'Poise'),
(33, 'Tremor'),
(34, 'Rupture'),
(35, 'Poise'),
(36, 'Charge'),
(36, 'Rupture'),
(38, 'Bleed'),
(39, 'Tremor'),
(40, 'Bleed'),
(41, 'Burn'),
(41, 'Poise'),
(42, 'Charge'),
(42, 'Rupture'),
(42, 'Sinking'),
(43, 'Rupture'),
(43, 'Sinking'),
(44, 'Poise'),
(44, 'Sinking'),
(45, 'Poise'),
(46, 'Rupture'),
(47, 'Poise'),
(47, 'Rupture'),
(47, 'Tremor'),
(48, 'Burn'),
(49, 'Tremor'),
(50, 'Bleed'),
(51, 'Bleed'),
(52, 'Charge'),
(53, 'Poise'),
(54, 'Bleed'),
(54, 'Charge'),
(55, 'Rupture'),
(56, 'Bleed'),
(56, 'Tremor'),
(57, 'Poise'),
(57, 'Rupture'),
(58, 'Sinking'),
(58, 'Tremor'),
(59, 'Tremor'),
(60, 'Burn'),
(61, 'Charge'),
(61, 'Tremor'),
(62, 'Bleed'),
(63, 'Rupture'),
(64, 'Charge'),
(64, 'Rupture'),
(66, 'Bleed'),
(66, 'Charge'),
(67, 'Poise'),
(68, 'Sinking'),
(69, 'Poise'),
(69, 'Rupture'),
(70, 'Burn'),
(70, 'Tremor'),
(71, 'Bleed'),
(71, 'Rupture'),
(72, 'Bleed'),
(72, 'Burn'),
(73, 'Bleed'),
(73, 'Sinking'),
(74, 'Rupture'),
(74, 'Sinking'),
(75, 'Bleed'),
(76, 'Burn'),
(77, 'Charge'),
(77, 'Rupture'),
(78, 'Bleed'),
(79, 'Rupture'),
(80, 'Bleed'),
(81, 'Rupture'),
(82, 'Sinking'),
(83, 'Tremor'),
(84, 'Poise'),
(85, 'Charge'),
(85, 'Sinking'),
(86, 'Poise'),
(86, 'Rupture'),
(87, 'Bleed'),
(87, 'Burn'),
(88, 'Tremor'),
(89, 'Poise'),
(90, 'Bleed'),
(91, 'Rupture'),
(92, 'Charge'),
(93, 'Bleed'),
(93, 'Charge'),
(93, 'Rupture'),
(94, 'Rupture'),
(94, 'Sinking'),
(95, 'Bleed'),
(95, 'Poise'),
(96, 'Tremor'),
(97, 'Sinking'),
(98, 'Poise'),
(99, 'Bleed'),
(100, 'Charge'),
(100, 'Rupture'),
(101, 'Burn'),
(101, 'Rupture'),
(102, 'Tremor'),
(103, 'Poise'),
(104, 'Rupture'),
(104, 'Tremor'),
(105, 'Rupture'),
(105, 'Tremor'),
(106, 'Poise'),
(106, 'Sinking'),
(107, 'Charge'),
(107, 'Sinking'),
(108, 'Burn'),
(109, 'Sinking'),
(109, 'Tremor'),
(110, 'Bleed'),
(110, 'Burn'),
(110, 'Poise'),
(111, 'Tremor'),
(112, 'Bleed'),
(113, 'Poise'),
(113, 'Rupture'),
(114, 'Sinking'),
(114, 'Tremor'),
(115, 'Bleed'),
(115, 'Burn'),
(116, 'Bleed'),
(118, 'Bleed'),
(119, 'Poise'),
(120, 'Tremor'),
(121, 'Bleed'),
(121, 'Poise'),
(122, 'Charge'),
(122, 'Tremor'),
(123, 'Sinking'),
(124, 'Burn'),
(125, 'Rupture'),
(126, 'Bleed'),
(126, 'Rupture'),
(127, 'Poise'),
(127, 'Rupture'),
(128, 'Charge'),
(128, 'Sinking'),
(129, 'Charge'),
(129, 'Sinking'),
(130, 'Bleed'),
(130, 'Sinking'),
(131, 'Rupture'),
(132, 'Tremor'),
(133, 'Poise'),
(133, 'Sinking'),
(134, 'Rupture'),
(135, 'Tremor'),
(136, 'Tremor'),
(137, 'Bleed'),
(137, 'Poise'),
(138, 'Bleed'),
(138, 'Burn'),
(139, 'Poise'),
(140, 'Burn'),
(141, 'Rupture'),
(142, 'Bleed'),
(143, 'Burn'),
(143, 'Tremor'),
(144, 'Burn'),
(144, 'Rupture'),
(145, 'Bleed'),
(145, 'Poise'),
(146, 'Rupture'),
(147, 'Poise'),
(148, 'Sinking'),
(149, 'Poise'),
(150, 'Bleed'),
(150, 'Burn'),
(150, 'Rupture'),
(150, 'Sinking'),
(150, 'Tremor'),
(151, 'Rupture'),
(152, 'Tremor'),
(153, 'Burn'),
(154, 'Sinking'),
(155, 'Charge'),
(155, 'Rupture'),
(156, 'Bleed'),
(157, 'Rupture'),
(158, 'Tremor'),
(159, 'Sinking'),
(159, 'Tremor'),
(160, 'Rupture'),
(161, 'Burn'),
(162, 'Bleed'),
(163, 'Charge'),
(163, 'Rupture'),
(163, 'Tremor'),
(164, 'Bleed'),
(165, 'Rupture'),
(167, 'Bleed'),
(167, 'Poise'),
(168, 'Sinking'),
(169, 'Bleed'),
(169, 'Rupture'),
(170, 'Burn'),
(171, 'Poise'),
(171, 'Rupture'),
(172, 'Bleed'),
(172, 'Tremor'),
(173, 'Burn'),
(173, 'Sinking'),
(174, 'Charge'),
(174, 'Rupture');

-- --------------------------------------------------------

--
-- Table structure for table `sinner`
--

CREATE TABLE `sinner` (
  `sinner_id` int(11) NOT NULL,
  `sinner_name` varchar(100) NOT NULL,
  `gender` varchar(20) DEFAULT NULL,
  `height` int(11) DEFAULT NULL,
  `birthday` varchar(20) DEFAULT NULL,
  `native_district` int(11) DEFAULT NULL,
  `color` varchar(20) DEFAULT NULL,
  `literary_source` varchar(255) DEFAULT NULL
) ENGINE=InnoDB DEFAULT CHARSET=utf8mb4 COLLATE=utf8mb4_general_ci;

--
-- Dumping data for table `sinner`
--

INSERT INTO `sinner` (`sinner_id`, `sinner_name`, `gender`, `height`, `birthday`, `native_district`, `color`, `literary_source`) VALUES
(1, 'Yi Sang', 'Male', 175, '1-Jan', 19, '#d4e1e8', 'The Wings'),
(2, 'Faust', 'Female', 174, '2-Feb', 0, '#ffb1b4', 'Faust'),
(3, 'Don Quixote', 'Female', 158, '3-Mar', 16, '#ffef23', 'The Ingenious Gentleman Don Quixote of La Mancha'),
(4, 'Ryoshu', 'Female', 172, '4-Apr', 0, ' #cf0000', 'Hell Screen'),
(5, 'Meursault', 'Male', 188, '5-May', 14, '#293b95', 'Le E\'tranger'),
(6, 'Hong Lu', 'Male', 178, '6-Jun', 8, '#5bffde', 'Dream of the Red Chamber'),
(7, 'Heathcliff', 'Male', 180, '7-Jul', 20, '#4e3076', 'Wuthering Heights'),
(8, 'Ishmael', 'Female', 171, '8-Aug', 21, '#ff9500', 'Moby Dick'),
(9, 'Rodion', 'Female', 183, '9-Sep', 25, '#820000', 'Crime and Punishment'),
(10, 'Dante', 'Unknown', 0, 'Unknown', 0, '#b01c37', 'Dante\'s Inferno'),
(11, 'Sinclair', 'Male', 163, '11-Nov', 11, '#8b9c15', 'Demian: The Story of Emil Sinclair\'s Youth'),
(12, 'Outis', 'Female', 175, '12-Dec', 0, '#325339', 'The Odyssey'),
(13, 'Gregor', 'Male', 167, 'Feb-29', 7, '#69350b', 'The Metamorphosis');

-- --------------------------------------------------------

--
-- Table structure for table `statuseffect`
--

CREATE TABLE `statuseffect` (
  `keyword_name` varchar(50) NOT NULL
) ENGINE=InnoDB DEFAULT CHARSET=utf8mb4 COLLATE=utf8mb4_general_ci;

--
-- Dumping data for table `statuseffect`
--

INSERT INTO `statuseffect` (`keyword_name`) VALUES
('Bleed'),
('Burn'),
('Charge'),
('Poise'),
('Rupture'),
('Sinking'),
('Tremor');

--
-- Indexes for dumped tables
--

--
-- Indexes for table `affinity`
--
ALTER TABLE `affinity`
  ADD PRIMARY KEY (`affinity_name`);

--
-- Indexes for table `ego`
--
ALTER TABLE `ego`
  ADD PRIMARY KEY (`ego_id`),
  ADD UNIQUE KEY `sinner_id` (`sinner_id`,`ego_name`);

--
-- Indexes for table `egoaffinity`
--
ALTER TABLE `egoaffinity`
  ADD PRIMARY KEY (`ego_id`,`affinity_name`),
  ADD KEY `affinity_name` (`affinity_name`);

--
-- Indexes for table `egostatuseffect`
--
ALTER TABLE `egostatuseffect`
  ADD PRIMARY KEY (`ego_id`,`keyword_name`),
  ADD KEY `keyword_name` (`keyword_name`);

--
-- Indexes for table `identity`
--
ALTER TABLE `identity`
  ADD PRIMARY KEY (`identity_id`),
  ADD UNIQUE KEY `sinner_id` (`sinner_id`,`identity_name`);

--
-- Indexes for table `identityaffinity`
--
ALTER TABLE `identityaffinity`
  ADD PRIMARY KEY (`identity_id`,`affinity_name`),
  ADD KEY `affinity_name` (`affinity_name`);

--
-- Indexes for table `identitystatuseffect`
--
ALTER TABLE `identitystatuseffect`
  ADD PRIMARY KEY (`identity_id`,`keyword_name`),
  ADD KEY `keyword_name` (`keyword_name`);

--
-- Indexes for table `sinner`
--
ALTER TABLE `sinner`
  ADD PRIMARY KEY (`sinner_id`),
  ADD UNIQUE KEY `name` (`sinner_name`);

--
-- Indexes for table `statuseffect`
--
ALTER TABLE `statuseffect`
  ADD PRIMARY KEY (`keyword_name`);

--
-- AUTO_INCREMENT for dumped tables
--

--
-- AUTO_INCREMENT for table `ego`
--
ALTER TABLE `ego`
  MODIFY `ego_id` int(11) NOT NULL AUTO_INCREMENT, AUTO_INCREMENT=109;

--
-- AUTO_INCREMENT for table `identity`
--
ALTER TABLE `identity`
  MODIFY `identity_id` int(11) NOT NULL AUTO_INCREMENT, AUTO_INCREMENT=177;

--
-- AUTO_INCREMENT for table `sinner`
--
ALTER TABLE `sinner`
  MODIFY `sinner_id` int(11) NOT NULL AUTO_INCREMENT, AUTO_INCREMENT=14;

--
-- Constraints for dumped tables
--

--
-- Constraints for table `ego`
--
ALTER TABLE `ego`
  ADD CONSTRAINT `ego_ibfk_1` FOREIGN KEY (`sinner_id`) REFERENCES `sinner` (`sinner_id`) ON DELETE CASCADE;

--
-- Constraints for table `egoaffinity`
--
ALTER TABLE `egoaffinity`
  ADD CONSTRAINT `egoaffinity_ibfk_1` FOREIGN KEY (`ego_id`) REFERENCES `ego` (`ego_id`) ON DELETE CASCADE,
  ADD CONSTRAINT `egoaffinity_ibfk_2` FOREIGN KEY (`affinity_name`) REFERENCES `affinity` (`affinity_name`) ON DELETE CASCADE;

--
-- Constraints for table `egostatuseffect`
--
ALTER TABLE `egostatuseffect`
  ADD CONSTRAINT `egostatuseffect_ibfk_1` FOREIGN KEY (`ego_id`) REFERENCES `ego` (`ego_id`) ON DELETE CASCADE,
  ADD CONSTRAINT `egostatuseffect_ibfk_2` FOREIGN KEY (`keyword_name`) REFERENCES `statuseffect` (`keyword_name`) ON DELETE CASCADE;

--
-- Constraints for table `identity`
--
ALTER TABLE `identity`
  ADD CONSTRAINT `identity_ibfk_1` FOREIGN KEY (`sinner_id`) REFERENCES `sinner` (`sinner_id`) ON DELETE CASCADE;

--
-- Constraints for table `identityaffinity`
--
ALTER TABLE `identityaffinity`
  ADD CONSTRAINT `identityaffinity_ibfk_1` FOREIGN KEY (`identity_id`) REFERENCES `identity` (`identity_id`) ON DELETE CASCADE,
  ADD CONSTRAINT `identityaffinity_ibfk_2` FOREIGN KEY (`affinity_name`) REFERENCES `affinity` (`affinity_name`) ON DELETE CASCADE;

--
-- Constraints for table `identitystatuseffect`
--
ALTER TABLE `identitystatuseffect`
  ADD CONSTRAINT `identitystatuseffect_ibfk_1` FOREIGN KEY (`identity_id`) REFERENCES `identity` (`identity_id`) ON DELETE CASCADE,
  ADD CONSTRAINT `identitystatuseffect_ibfk_2` FOREIGN KEY (`keyword_name`) REFERENCES `statuseffect` (`keyword_name`) ON DELETE CASCADE;
COMMIT;

/*!40101 SET CHARACTER_SET_CLIENT=@OLD_CHARACTER_SET_CLIENT */;
/*!40101 SET CHARACTER_SET_RESULTS=@OLD_CHARACTER_SET_RESULTS */;
/*!40101 SET COLLATION_CONNECTION=@OLD_COLLATION_CONNECTION */;
